{"cameraMode":{"drawMode":0,"name":"Shaded","section":"Shading Mode"},"sceneLighting":true,"audioPlay":false,"sceneViewState":{"m_AlwaysRefresh":false,"showFog":true,"showSkybox":true,"showFlares":true,"showImageEffects":true,"showParticleSystems":true,"showVisualEffectGraphs":true,"m_FxEnabled":true},"in2DMode":false,"pivot":{"x":-2.90106463432312,"y":0.07132305949926377,"z":12.24787712097168},"rotation":{"x":-0.06667771190404892,"y":0.9327479600906372,"z":-0.23301954567432404,"w":-0.26690247654914858},"size":0.7076089382171631,"orthographic":false}